{"loss": [27.72646713256836, 1.5056288242340088, 0.5667355060577393, 0.4230082333087921, 0.33327335119247437, 0.2509944438934326, 0.21291089057922363, 0.12249744683504105, 0.11544117331504822, 0.07146094739437103], "accuracy": [0.37555554509162903, 0.5988888740539551, 0.757777750492096, 0.8211110830307007, 0.8644444346427917, 0.8999999761581421, 0.9388889074325562, 0.9544444680213928, 0.9611111283302307, 0.9733333587646484], "val_loss": [1.2517733573913574, 0.5920513272285461, 0.45606759190559387, 0.4102720022201538, 0.30315980315208435, 0.26687803864479065, 0.26681557297706604, 0.2457367181777954, 0.23148974776268005, 0.21070422232151031], "val_accuracy": [0.4566666781902313, 0.75, 0.8033333420753479, 0.800000011920929, 0.8566666841506958, 0.9066666960716248, 0.8899999856948853, 0.9066666960716248, 0.8933333158493042, 0.9333333373069763]}